{"cameraMode":{"drawMode":0,"name":"Shaded","section":"Shading Mode"},"sceneLighting":true,"audioPlay":false,"sceneViewState":{"m_AlwaysRefresh":false,"showFog":true,"showSkybox":true,"showFlares":true,"showImageEffects":true,"showParticleSystems":true,"showVisualEffectGraphs":true,"m_FxEnabled":true},"in2DMode":false,"pivot":{"x":-3.847935438156128,"y":2.7710492610931398,"z":-16.129539489746095},"rotation":{"x":0.028804287314414979,"y":0.008439786732196808,"z":-0.0002469399478286505,"w":0.9995576739311218},"size":3.5358874797821047,"orthographic":false}